{
  "canonical_shape_normalized": [
    [
      0.0009932632349450915,
      -0.245844237650888
    ],
    [
      -0.000609559926664034,
      0.2465853025036939
    ],
    [
      -0.21548632941347456,
      -0.12510700121393303
    ],
    [
      0.21730539854230047,
      -0.1228267494307299
    ],
    [
      -0.2484806947152998,
      -0.0011204249159670434
    ],
    [
      0.247967134966616,
      0.0010531129729051652
    ],
    [
      -0.26756370488014225,
      0.12190891038948559
    ],
    [
      0.2657066106025281,
      0.12446880474107018
    ],
    [
      -0.0001969518579449482,
      -0.12323841573240786
    ],
    [
      -0.00037675937283240465,
      0.0002643912105910018
    ],
    [
      -0.0008219311334823593,
      0.12320325713107623
    ],
    [
      -0.11287627989408298,
      -0.24697784234465256
    ],
    [
      0.11838607296815203,
      -0.24575874449066382
    ],
    [
      -0.28334085347873744,
      0.24528023651979594
    ],
    [
      0.2793945843581192,
      0.24810940031062423
    ]
  ],
  "canonical_shape_pixels": [
    [
      112.31629920515822,
      33.71225690639504
    ],
    [
      111.80588899949488,
      190.52373111336306
    ],
    [
      43.379565539127086,
      72.16036469337058
    ],
    [
      181.19970700347062,
      72.88649831154244
    ],
    [
      32.87269167880126,
      111.64320685806977
    ],
    [
      190.9637680484946,
      112.335358024492
    ],
    [
      26.79581222247107,
      150.82122090226216
    ],
    [
      196.61280633578485,
      151.63640515574957
    ],
    [
      111.93728176586959,
      72.75540544569367
    ],
    [
      111.88002305333552,
      112.08419392444881
    ],
    [
      111.73826055866284,
      151.23339849140535
    ],
    [
      76.05517051711992,
      33.35126673683423
    ],
    [
      149.69939273318565,
      33.73948173227605
    ],
    [
      21.77166616951196,
      190.1081400405607
    ],
    [
      200.971666169512,
      191.00907166353662
    ]
  ],
  "image_size": 224,
  "n_landmarks": 15,
  "landmark_names": [
    "L1 (Superior)",
    "L2 (Inferior)",
    "L3 (Apex Izq)",
    "L4 (Apex Der)",
    "L5 (Hilio Izq)",
    "L6 (Hilio Der)",
    "L7 (Base Izq)",
    "L8 (Base Der)",
    "L9 (Centro Sup)",
    "L10 (Centro Med)",
    "L11 (Centro Inf)",
    "L12 (Borde Sup Izq)",
    "L13 (Borde Sup Der)",
    "L14 (Costofrenico Izq)",
    "L15 (Costofrenico Der)"
  ],
  "convergence": {
    "n_iterations": 100,
    "converged": false,
    "final_change": 7.325222988289311e-05,
    "n_shapes_used": 957
  },
  "method": "Generalized Procrustes Analysis (GPA)"
}